User-Agent,Accept,Accept-Encoding,Accept-Language,Connection,client_ip,host
"Mozilla/5.0 (Windows NT 10.0; rv:109.0) Gecko/20100101 Firefox/115.0","text/html,application/xhtml+xml,application/xml;q=0.9,image/avif,image/webp,*/*;q=0.8","gzip, deflate, br","en-US,en;q=0.5","keep-alive","127.0.0.2","127.0.0.1:8000"
"Mozilla/5.0 (iPhone; CPU iPhone OS 13_2_3 like Mac OS X) AppleWebKit/605.1.15 (KHTML, like Gecko) Version/13.0.3 Mobile/15E148 Safari/604.1","text/html,application/xhtml+xml,application/xml;q=0.9,*/*;q=0.8","gzip, deflate, br","de-DE,de;q=0.9,en-US;q=0.8,en;q=0.7","keep-alive","20.131.183.28","127.0.0.1:8000"
"Mozilla/5.0 (iPhone; CPU iPhone OS 13_2_3 like Mac OS X) AppleWebKit/605.1.15 (KHTML, like Gecko) Version/13.0.3 Mobile/15E148 Safari/604.1","text/html,application/xhtml+xml,application/xml;q=0.9,image/avif,image/webp,image/apng,*/*;q=0.8","gzip, deflate","en;q=0.7","close","185.125.189.205","127.0.0.1:8000"
"Mozilla/5.0 (Windows NT 10.0; Win64; x64) AppleWebKit/537.36 (KHTML, like Gecko) Chrome/58.0.3029.110 Safari/537.3","text/html,application/xhtml+xml,application/xml;q=0.9,image/webp,*/*;q=0.8","gzip, deflate, br","en;q=0.7","close","119.18.94.117","127.0.0.1:8000"
"Mozilla/5.0 (iPhone; CPU iPhone OS 13_2_3 like Mac OS X) AppleWebKit/605.1.15 (KHTML, like Gecko) Version/13.0.3 Mobile/15E148 Safari/604.1","text/html,application/xhtml+xml,application/xml;q=0.9,*/*;q=0.8","gzip, deflate, br","de-DE,de;q=0.9,en-US;q=0.8,en;q=0.7","close","219.183.20.106","127.0.0.1:8000"
"Mozilla/5.0 (Windows NT 10.0; Win64; x64) AppleWebKit/537.36 (KHTML, like Gecko) Chrome/58.0.3029.110 Safari/537.3","application/json, text/plain, */*","gzip, deflate","en;q=0.7","keep-alive","46.219.12.216","127.0.0.1:8000"
"Mozilla/5.0 (Windows NT 6.1; WOW64; Trident/7.0; rv:11.0) like Gecko","application/json, text/plain, */*","gzip, deflate, br","en;q=0.7","close","186.40.82.243","127.0.0.1:8000"
"Mozilla/5.0 (Windows NT 6.1; WOW64; Trident/7.0; rv:11.0) like Gecko","text/html,application/xhtml+xml,application/xml;q=0.9,image/webp,*/*;q=0.8","br","en-GB,en;q=0.8","keep-alive","135.207.219.197","127.0.0.1:8000"
"Mozilla/5.0 (iPhone; CPU iPhone OS 13_2_3 like Mac OS X) AppleWebKit/605.1.15 (KHTML, like Gecko) Version/13.0.3 Mobile/15E148 Safari/604.1","text/html,application/xhtml+xml,application/xml;q=0.9,image/avif,image/webp,image/apng,*/*;q=0.8","gzip, deflate, br","en;q=0.7","close","84.160.213.250","127.0.0.1:8000"
"Mozilla/5.0 (iPhone; CPU iPhone OS 13_2_3 like Mac OS X) AppleWebKit/605.1.15 (KHTML, like Gecko) Version/13.0.3 Mobile/15E148 Safari/604.1","text/html,application/xhtml+xml,application/xml;q=0.9,image/webp,*/*;q=0.8","br","de-DE,de;q=0.9,en-US;q=0.8,en;q=0.7","close","212.36.245.44","127.0.0.1:8000"
"Mozilla/5.0 (Windows NT 10.0; Win64; x64) AppleWebKit/537.36 (KHTML, like Gecko) Chrome/58.0.3029.110 Safari/537.3","application/json, text/plain, */*","br","en-US,en;q=0.9","keep-alive","180.223.232.47","127.0.0.1:8000"
"Mozilla/5.0 (Windows NT 6.1; WOW64; Trident/7.0; rv:11.0) like Gecko","text/html,application/xhtml+xml,application/xml;q=0.9,image/avif,image/webp,image/apng,*/*;q=0.8","gzip, deflate, br","de-DE,de;q=0.9,en-US;q=0.8,en;q=0.7","keep-alive","101.2.206.12","127.0.0.1:8000"
"Mozilla/5.0 (iPad; CPU OS 13_2_3 like Mac OS X) AppleWebKit/605.1.15 (KHTML, like Gecko) Version/13.0.3 Mobile/15E148 Safari/604.1","text/html,application/xhtml+xml,application/xml;q=0.9,image/webp,*/*;q=0.8","gzip, deflate","en;q=0.7","close","11.103.219.250","127.0.0.1:8000"
"Mozilla/5.0 (Macintosh; Intel Mac OS X 10_15_7) AppleWebKit/605.1.15 (KHTML, like Gecko) Version/14.0.3 Safari/605.1.15","application/json, text/plain, */*","gzip, deflate, br","en-US,en;q=0.9","close","193.147.176.164","127.0.0.1:8000"
"Mozilla/5.0 (Linux; Android 10; SM-A505FN) AppleWebKit/537.36 (KHTML, like Gecko) Chrome/88.0.4324.152 Mobile Safari/537.36","text/html,application/xhtml+xml,application/xml;q=0.9,*/*;q=0.8","gzip, deflate, br","en-US,en;q=0.9","keep-alive","10.150.196.209","127.0.0.1:8000"
"Mozilla/5.0 (X11; Linux x86_64) AppleWebKit/537.36 (KHTML, like Gecko) Chrome/88.0.4324.96 Safari/537.36","text/html,application/xhtml+xml,application/xml;q=0.9,image/webp,*/*;q=0.8","deflate","en;q=0.7","close","210.12.136.54","127.0.0.1:8000"
"Mozilla/5.0 (iPhone; CPU iPhone OS 13_2_3 like Mac OS X) AppleWebKit/605.1.15 (KHTML, like Gecko) Version/13.0.3 Mobile/15E148 Safari/604.1","text/html,application/xhtml+xml,application/xml;q=0.9,image/avif,image/webp,image/apng,*/*;q=0.8","br","en-GB,en;q=0.8","keep-alive","172.247.36.71","127.0.0.1:8000"
"Mozilla/5.0 (X11; Linux x86_64) AppleWebKit/537.36 (KHTML, like Gecko) Chrome/88.0.4324.96 Safari/537.36","text/html,application/xhtml+xml,application/xml;q=0.9,*/*;q=0.8","gzip, deflate","en;q=0.7","keep-alive","35.44.27.11","127.0.0.1:8000"
"Mozilla/5.0 (Windows NT 6.1; WOW64; Trident/7.0; rv:11.0) like Gecko","text/html,application/xhtml+xml,application/xml;q=0.9,image/avif,image/webp,image/apng,*/*;q=0.8","br","en-US,en;q=0.9","keep-alive","202.179.110.237","127.0.0.1:8000"
"Mozilla/5.0 (Windows NT 10.0; Win64; x64) AppleWebKit/537.36 (KHTML, like Gecko) Chrome/58.0.3029.110 Safari/537.3","text/html,application/xhtml+xml,application/xml;q=0.9,image/webp,*/*;q=0.8","gzip, deflate","de-DE,de;q=0.9,en-US;q=0.8,en;q=0.7","close","46.100.195.97","127.0.0.1:8000"
"Mozilla/5.0 (iPhone; CPU iPhone OS 13_2_3 like Mac OS X) AppleWebKit/605.1.15 (KHTML, like Gecko) Version/13.0.3 Mobile/15E148 Safari/604.1","text/html,application/xhtml+xml,application/xml;q=0.9,image/avif,image/webp,image/apng,*/*;q=0.8","deflate","de-DE,de;q=0.9,en-US;q=0.8,en;q=0.7","keep-alive","187.165.62.23","127.0.0.1:8000"
"Mozilla/5.0 (X11; Linux x86_64) AppleWebKit/537.36 (KHTML, like Gecko) Chrome/88.0.4324.96 Safari/537.36","text/html,application/xhtml+xml,application/xml;q=0.9,image/webp,*/*;q=0.8","deflate","de-DE,de;q=0.9,en-US;q=0.8,en;q=0.7","keep-alive","108.211.208.53","127.0.0.1:8000"
"Mozilla/5.0 (Macintosh; Intel Mac OS X 10_15_7) AppleWebKit/605.1.15 (KHTML, like Gecko) Version/14.0.3 Safari/605.1.15","application/json, text/plain, */*","gzip, deflate, br","en-GB,en;q=0.8","keep-alive","30.184.40.13","127.0.0.1:8000"
"Mozilla/5.0 (Windows NT 6.1; WOW64; Trident/7.0; rv:11.0) like Gecko","application/json, text/plain, */*","deflate","en-GB,en;q=0.8","keep-alive","178.169.52.169","127.0.0.1:8000"
"Mozilla/5.0 (iPhone; CPU iPhone OS 13_2_3 like Mac OS X) AppleWebKit/605.1.15 (KHTML, like Gecko) Version/13.0.3 Mobile/15E148 Safari/604.1","text/html,application/xhtml+xml,application/xml;q=0.9,*/*;q=0.8","deflate","en;q=0.7","keep-alive","109.4.221.28","127.0.0.1:8000"
"Mozilla/5.0 (Windows NT 6.1; WOW64; Trident/7.0; rv:11.0) like Gecko","text/html,application/xhtml+xml,application/xml;q=0.9,*/*;q=0.8","br","en-US,en;q=0.9","keep-alive","219.104.253.149","127.0.0.1:8000"
"Mozilla/5.0 (iPhone; CPU iPhone OS 13_2_3 like Mac OS X) AppleWebKit/605.1.15 (KHTML, like Gecko) Version/13.0.3 Mobile/15E148 Safari/604.1","text/html,application/xhtml+xml,application/xml;q=0.9,image/avif,image/webp,image/apng,*/*;q=0.8","br","en-GB,en;q=0.8","keep-alive","178.164.28.113","127.0.0.1:8000"
"Mozilla/5.0 (Windows NT 10.0; Win64; x64) AppleWebKit/537.36 (KHTML, like Gecko) Chrome/58.0.3029.110 Safari/537.3","text/html,application/xhtml+xml,application/xml;q=0.9,*/*;q=0.8","gzip, deflate, br","en-GB,en;q=0.8","keep-alive","152.194.44.179","127.0.0.1:8000"
"Mozilla/5.0 (Windows NT 6.1; WOW64; Trident/7.0; rv:11.0) like Gecko","text/html,application/xhtml+xml,application/xml;q=0.9,*/*;q=0.8","gzip, deflate","en-GB,en;q=0.8","close","46.102.220.247","127.0.0.1:8000"
"Mozilla/5.0 (iPhone; CPU iPhone OS 13_2_3 like Mac OS X) AppleWebKit/605.1.15 (KHTML, like Gecko) Version/13.0.3 Mobile/15E148 Safari/604.1","text/html,application/xhtml+xml,application/xml;q=0.9,*/*;q=0.8","deflate","de-DE,de;q=0.9,en-US;q=0.8,en;q=0.7","close","136.158.81.46","127.0.0.1:8000"
"Mozilla/5.0 (Windows NT 6.1; WOW64; Trident/7.0; rv:11.0) like Gecko","text/html,application/xhtml+xml,application/xml;q=0.9,*/*;q=0.8","gzip, deflate","en-US,en;q=0.9","keep-alive","203.127.151.36","127.0.0.1:8000"
"Mozilla/5.0 (Windows NT 6.1; WOW64; Trident/7.0; rv:11.0) like Gecko","text/html,application/xhtml+xml,application/xml;q=0.9,image/webp,*/*;q=0.8","gzip, deflate","en-US,en;q=0.9","keep-alive","94.42.121.123","127.0.0.1:8000"
"Mozilla/5.0 (iPad; CPU OS 13_2_3 like Mac OS X) AppleWebKit/605.1.15 (KHTML, like Gecko) Version/13.0.3 Mobile/15E148 Safari/604.1","application/json, text/plain, */*","gzip, deflate","en;q=0.7","keep-alive","49.156.129.149","127.0.0.1:8000"
"Mozilla/5.0 (Macintosh; Intel Mac OS X 10_15_7) AppleWebKit/605.1.15 (KHTML, like Gecko) Version/14.0.3 Safari/605.1.15","text/html,application/xhtml+xml,application/xml;q=0.9,*/*;q=0.8","gzip, deflate","en;q=0.7","keep-alive","216.252.185.196","127.0.0.1:8000"
"Mozilla/5.0 (Linux; Android 10; SM-A505FN) AppleWebKit/537.36 (KHTML, like Gecko) Chrome/88.0.4324.152 Mobile Safari/537.36","text/html,application/xhtml+xml,application/xml;q=0.9,image/avif,image/webp,image/apng,*/*;q=0.8","gzip, deflate","de-DE,de;q=0.9,en-US;q=0.8,en;q=0.7","keep-alive","108.184.6.190","127.0.0.1:8000"
"Mozilla/5.0 (iPad; CPU OS 13_2_3 like Mac OS X) AppleWebKit/605.1.15 (KHTML, like Gecko) Version/13.0.3 Mobile/15E148 Safari/604.1","text/html,application/xhtml+xml,application/xml;q=0.9,*/*;q=0.8","deflate","en-GB,en;q=0.8","close","61.25.58.189","127.0.0.1:8000"
"Mozilla/5.0 (Windows NT 6.1; WOW64; Trident/7.0; rv:11.0) like Gecko","text/html,application/xhtml+xml,application/xml;q=0.9,image/webp,*/*;q=0.8","gzip, deflate","en;q=0.7","close","160.250.131.196","127.0.0.1:8000"
"Mozilla/5.0 (iPad; CPU OS 13_2_3 like Mac OS X) AppleWebKit/605.1.15 (KHTML, like Gecko) Version/13.0.3 Mobile/15E148 Safari/604.1","text/html,application/xhtml+xml,application/xml;q=0.9,image/webp,*/*;q=0.8","gzip, deflate","en-GB,en;q=0.8","keep-alive","188.111.218.149","127.0.0.1:8000"
"Mozilla/5.0 (iPad; CPU OS 13_2_3 like Mac OS X) AppleWebKit/605.1.15 (KHTML, like Gecko) Version/13.0.3 Mobile/15E148 Safari/604.1","text/html,application/xhtml+xml,application/xml;q=0.9,image/webp,*/*;q=0.8","deflate","en;q=0.7","close","167.231.219.60","127.0.0.1:8000"
"Mozilla/5.0 (Windows NT 6.1; WOW64; Trident/7.0; rv:11.0) like Gecko","text/html,application/xhtml+xml,application/xml;q=0.9,image/webp,*/*;q=0.8","br","en-US,en;q=0.9","keep-alive","158.126.53.224","127.0.0.1:8000"
"Mozilla/5.0 (X11; Linux x86_64) AppleWebKit/537.36 (KHTML, like Gecko) Chrome/88.0.4324.96 Safari/537.36","text/html,application/xhtml+xml,application/xml;q=0.9,*/*;q=0.8","br","en-GB,en;q=0.8","close","81.52.28.251","127.0.0.1:8000"
"Mozilla/5.0 (Windows NT 10.0; Win64; x64) AppleWebKit/537.36 (KHTML, like Gecko) Chrome/58.0.3029.110 Safari/537.3","text/html,application/xhtml+xml,application/xml;q=0.9,*/*;q=0.8","gzip, deflate, br","de-DE,de;q=0.9,en-US;q=0.8,en;q=0.7","close","221.212.110.141","127.0.0.1:8000"
"Mozilla/5.0 (Windows NT 6.1; WOW64; Trident/7.0; rv:11.0) like Gecko","application/json, text/plain, */*","gzip, deflate, br","en;q=0.7","close","62.11.134.113","127.0.0.1:8000"
"Mozilla/5.0 (Windows NT 10.0; Win64; x64) AppleWebKit/537.36 (KHTML, like Gecko) Chrome/58.0.3029.110 Safari/537.3","text/html,application/xhtml+xml,application/xml;q=0.9,image/webp,*/*;q=0.8","gzip, deflate","en-US,en;q=0.9","keep-alive","185.238.100.104","127.0.0.1:8000"
"Mozilla/5.0 (Windows NT 6.1; WOW64; Trident/7.0; rv:11.0) like Gecko","text/html,application/xhtml+xml,application/xml;q=0.9,image/webp,*/*;q=0.8","br","en-US,en;q=0.9","close","153.152.153.26","127.0.0.1:8000"
"Mozilla/5.0 (Windows NT 6.1; WOW64; Trident/7.0; rv:11.0) like Gecko","text/html,application/xhtml+xml,application/xml;q=0.9,image/avif,image/webp,image/apng,*/*;q=0.8","br","de-DE,de;q=0.9,en-US;q=0.8,en;q=0.7","keep-alive","35.95.160.194","127.0.0.1:8000"
"Mozilla/5.0 (Linux; Android 10; SM-A505FN) AppleWebKit/537.36 (KHTML, like Gecko) Chrome/88.0.4324.152 Mobile Safari/537.36","text/html,application/xhtml+xml,application/xml;q=0.9,image/avif,image/webp,image/apng,*/*;q=0.8","gzip, deflate","de-DE,de;q=0.9,en-US;q=0.8,en;q=0.7","keep-alive","120.48.131.237","127.0.0.1:8000"
"Mozilla/5.0 (Macintosh; Intel Mac OS X 10_15_7) AppleWebKit/605.1.15 (KHTML, like Gecko) Version/14.0.3 Safari/605.1.15","text/html,application/xhtml+xml,application/xml;q=0.9,*/*;q=0.8","gzip, deflate","en-US,en;q=0.9","keep-alive","12.29.1.115","127.0.0.1:8000"
"Mozilla/5.0 (iPad; CPU OS 13_2_3 like Mac OS X) AppleWebKit/605.1.15 (KHTML, like Gecko) Version/13.0.3 Mobile/15E148 Safari/604.1","application/json, text/plain, */*","deflate","en-US,en;q=0.9","keep-alive","183.171.116.179","127.0.0.1:8000"
"Mozilla/5.0 (Linux; Android 10; SM-A505FN) AppleWebKit/537.36 (KHTML, like Gecko) Chrome/88.0.4324.152 Mobile Safari/537.36","text/html,application/xhtml+xml,application/xml;q=0.9,*/*;q=0.8","gzip, deflate","en;q=0.7","close","144.175.122.191","127.0.0.1:8000"
"Mozilla/5.0 (iPad; CPU OS 13_2_3 like Mac OS X) AppleWebKit/605.1.15 (KHTML, like Gecko) Version/13.0.3 Mobile/15E148 Safari/604.1","application/json, text/plain, */*","gzip, deflate, br","en-GB,en;q=0.8","close","124.83.104.240","127.0.0.1:8000"
"Mozilla/5.0 (Macintosh; Intel Mac OS X 10_15_7) AppleWebKit/605.1.15 (KHTML, like Gecko) Version/14.0.3 Safari/605.1.15","text/html,application/xhtml+xml,application/xml;q=0.9,*/*;q=0.8","deflate","en-GB,en;q=0.8","close","37.202.135.43","127.0.0.1:8000"
"Mozilla/5.0 (Windows NT 10.0; Win64; x64) AppleWebKit/537.36 (KHTML, like Gecko) Chrome/58.0.3029.110 Safari/537.3","application/json, text/plain, */*","gzip, deflate, br","en-US,en;q=0.9","keep-alive","198.5.89.65","127.0.0.1:8000"
"Mozilla/5.0 (iPhone; CPU iPhone OS 13_2_3 like Mac OS X) AppleWebKit/605.1.15 (KHTML, like Gecko) Version/13.0.3 Mobile/15E148 Safari/604.1","text/html,application/xhtml+xml,application/xml;q=0.9,image/avif,image/webp,image/apng,*/*;q=0.8","gzip, deflate","en-GB,en;q=0.8","close","205.94.190.136","127.0.0.1:8000"
"Mozilla/5.0 (X11; Linux x86_64) AppleWebKit/537.36 (KHTML, like Gecko) Chrome/88.0.4324.96 Safari/537.36","text/html,application/xhtml+xml,application/xml;q=0.9,image/avif,image/webp,image/apng,*/*;q=0.8","deflate","en;q=0.7","close","164.36.5.13","127.0.0.1:8000"
"Mozilla/5.0 (Macintosh; Intel Mac OS X 10_15_7) AppleWebKit/605.1.15 (KHTML, like Gecko) Version/14.0.3 Safari/605.1.15","text/html,application/xhtml+xml,application/xml;q=0.9,image/avif,image/webp,image/apng,*/*;q=0.8","gzip, deflate","en-GB,en;q=0.8","keep-alive","3.64.214.125","127.0.0.1:8000"
"Mozilla/5.0 (iPad; CPU OS 13_2_3 like Mac OS X) AppleWebKit/605.1.15 (KHTML, like Gecko) Version/13.0.3 Mobile/15E148 Safari/604.1","text/html,application/xhtml+xml,application/xml;q=0.9,image/avif,image/webp,image/apng,*/*;q=0.8","gzip, deflate","en-US,en;q=0.9","close","204.234.10.173","127.0.0.1:8000"
"Mozilla/5.0 (Windows NT 6.1; WOW64; Trident/7.0; rv:11.0) like Gecko","application/json, text/plain, */*","gzip, deflate","en-US,en;q=0.9","keep-alive","170.190.162.40","127.0.0.1:8000"
"Mozilla/5.0 (X11; Linux x86_64) AppleWebKit/537.36 (KHTML, like Gecko) Chrome/88.0.4324.96 Safari/537.36","text/html,application/xhtml+xml,application/xml;q=0.9,image/avif,image/webp,image/apng,*/*;q=0.8","gzip, deflate, br","en;q=0.7","keep-alive","165.247.29.147","127.0.0.1:8000"
"Mozilla/5.0 (iPad; CPU OS 13_2_3 like Mac OS X) AppleWebKit/605.1.15 (KHTML, like Gecko) Version/13.0.3 Mobile/15E148 Safari/604.1","text/html,application/xhtml+xml,application/xml;q=0.9,image/avif,image/webp,image/apng,*/*;q=0.8","br","en-GB,en;q=0.8","keep-alive","163.4.159.147","127.0.0.1:8000"
"Mozilla/5.0 (iPhone; CPU iPhone OS 13_2_3 like Mac OS X) AppleWebKit/605.1.15 (KHTML, like Gecko) Version/13.0.3 Mobile/15E148 Safari/604.1","text/html,application/xhtml+xml,application/xml;q=0.9,*/*;q=0.8","gzip, deflate","en;q=0.7","keep-alive","29.182.157.144","127.0.0.1:8000"
"Mozilla/5.0 (iPad; CPU OS 13_2_3 like Mac OS X) AppleWebKit/605.1.15 (KHTML, like Gecko) Version/13.0.3 Mobile/15E148 Safari/604.1","text/html,application/xhtml+xml,application/xml;q=0.9,image/webp,*/*;q=0.8","gzip, deflate","de-DE,de;q=0.9,en-US;q=0.8,en;q=0.7","close","189.33.187.197","127.0.0.1:8000"
"Mozilla/5.0 (Linux; Android 10; SM-A505FN) AppleWebKit/537.36 (KHTML, like Gecko) Chrome/88.0.4324.152 Mobile Safari/537.36","text/html,application/xhtml+xml,application/xml;q=0.9,*/*;q=0.8","gzip, deflate, br","en-US,en;q=0.9","keep-alive","18.216.222.190","127.0.0.1:8000"
"Mozilla/5.0 (Windows NT 6.1; WOW64; Trident/7.0; rv:11.0) like Gecko","text/html,application/xhtml+xml,application/xml;q=0.9,image/avif,image/webp,image/apng,*/*;q=0.8","deflate","en;q=0.7","close","208.89.172.32","127.0.0.1:8000"
"Mozilla/5.0 (Windows NT 10.0; Win64; x64) AppleWebKit/537.36 (KHTML, like Gecko) Chrome/58.0.3029.110 Safari/537.3","text/html,application/xhtml+xml,application/xml;q=0.9,image/webp,*/*;q=0.8","deflate","en-GB,en;q=0.8","keep-alive","184.100.142.148","127.0.0.1:8000"
"Mozilla/5.0 (Windows NT 10.0; Win64; x64) AppleWebKit/537.36 (KHTML, like Gecko) Chrome/58.0.3029.110 Safari/537.3","text/html,application/xhtml+xml,application/xml;q=0.9,image/webp,*/*;q=0.8","gzip, deflate","en-US,en;q=0.9","keep-alive","194.48.216.207","127.0.0.1:8000"
"Mozilla/5.0 (iPad; CPU OS 13_2_3 like Mac OS X) AppleWebKit/605.1.15 (KHTML, like Gecko) Version/13.0.3 Mobile/15E148 Safari/604.1","text/html,application/xhtml+xml,application/xml;q=0.9,image/avif,image/webp,image/apng,*/*;q=0.8","br","de-DE,de;q=0.9,en-US;q=0.8,en;q=0.7","close","67.115.132.94","127.0.0.1:8000"
"Mozilla/5.0 (Windows NT 10.0; Win64; x64) AppleWebKit/537.36 (KHTML, like Gecko) Chrome/58.0.3029.110 Safari/537.3","application/json, text/plain, */*","deflate","en-US,en;q=0.9","close","90.138.87.220","127.0.0.1:8000"
"Mozilla/5.0 (Windows NT 6.1; WOW64; Trident/7.0; rv:11.0) like Gecko","text/html,application/xhtml+xml,application/xml;q=0.9,image/webp,*/*;q=0.8","gzip, deflate","en-GB,en;q=0.8","close","79.76.93.17","127.0.0.1:8000"
"Mozilla/5.0 (iPad; CPU OS 13_2_3 like Mac OS X) AppleWebKit/605.1.15 (KHTML, like Gecko) Version/13.0.3 Mobile/15E148 Safari/604.1","application/json, text/plain, */*","gzip, deflate, br","en-US,en;q=0.9","keep-alive","24.255.57.14","127.0.0.1:8000"
"Mozilla/5.0 (iPad; CPU OS 13_2_3 like Mac OS X) AppleWebKit/605.1.15 (KHTML, like Gecko) Version/13.0.3 Mobile/15E148 Safari/604.1","text/html,application/xhtml+xml,application/xml;q=0.9,image/webp,*/*;q=0.8","br","en-US,en;q=0.9","keep-alive","62.69.1.107","127.0.0.1:8000"
"Mozilla/5.0 (Macintosh; Intel Mac OS X 10_15_7) AppleWebKit/605.1.15 (KHTML, like Gecko) Version/14.0.3 Safari/605.1.15","text/html,application/xhtml+xml,application/xml;q=0.9,*/*;q=0.8","deflate","en;q=0.7","keep-alive","9.237.123.151","127.0.0.1:8000"
"Mozilla/5.0 (Windows NT 6.1; WOW64; Trident/7.0; rv:11.0) like Gecko","application/json, text/plain, */*","br","en;q=0.7","keep-alive","111.238.8.235","127.0.0.1:8000"
"Mozilla/5.0 (Linux; Android 10; SM-A505FN) AppleWebKit/537.36 (KHTML, like Gecko) Chrome/88.0.4324.152 Mobile Safari/537.36","text/html,application/xhtml+xml,application/xml;q=0.9,image/avif,image/webp,image/apng,*/*;q=0.8","gzip, deflate","en-GB,en;q=0.8","close","32.193.44.183","127.0.0.1:8000"
"Mozilla/5.0 (X11; Linux x86_64) AppleWebKit/537.36 (KHTML, like Gecko) Chrome/88.0.4324.96 Safari/537.36","application/json, text/plain, */*","deflate","en;q=0.7","close","77.27.14.191","127.0.0.1:8000"
"Mozilla/5.0 (Linux; Android 10; SM-A505FN) AppleWebKit/537.36 (KHTML, like Gecko) Chrome/88.0.4324.152 Mobile Safari/537.36","text/html,application/xhtml+xml,application/xml;q=0.9,*/*;q=0.8","br","de-DE,de;q=0.9,en-US;q=0.8,en;q=0.7","close","15.27.131.12","127.0.0.1:8000"
"Mozilla/5.0 (iPad; CPU OS 13_2_3 like Mac OS X) AppleWebKit/605.1.15 (KHTML, like Gecko) Version/13.0.3 Mobile/15E148 Safari/604.1","application/json, text/plain, */*","deflate","en;q=0.7","close","37.57.197.252","127.0.0.1:8000"
"Mozilla/5.0 (X11; Linux x86_64) AppleWebKit/537.36 (KHTML, like Gecko) Chrome/88.0.4324.96 Safari/537.36","application/json, text/plain, */*","br","en-GB,en;q=0.8","keep-alive","171.30.235.236","127.0.0.1:8000"
"Mozilla/5.0 (Linux; Android 10; SM-A505FN) AppleWebKit/537.36 (KHTML, like Gecko) Chrome/88.0.4324.152 Mobile Safari/537.36","text/html,application/xhtml+xml,application/xml;q=0.9,image/webp,*/*;q=0.8","gzip, deflate","en;q=0.7","keep-alive","123.108.252.197","127.0.0.1:8000"
"Mozilla/5.0 (Windows NT 10.0; Win64; x64) AppleWebKit/537.36 (KHTML, like Gecko) Chrome/58.0.3029.110 Safari/537.3","text/html,application/xhtml+xml,application/xml;q=0.9,image/avif,image/webp,image/apng,*/*;q=0.8","br","de-DE,de;q=0.9,en-US;q=0.8,en;q=0.7","keep-alive","189.163.20.244","127.0.0.1:8000"
"Mozilla/5.0 (iPad; CPU OS 13_2_3 like Mac OS X) AppleWebKit/605.1.15 (KHTML, like Gecko) Version/13.0.3 Mobile/15E148 Safari/604.1","text/html,application/xhtml+xml,application/xml;q=0.9,*/*;q=0.8","br","de-DE,de;q=0.9,en-US;q=0.8,en;q=0.7","close","15.21.226.195","127.0.0.1:8000"
"Mozilla/5.0 (Macintosh; Intel Mac OS X 10_15_7) AppleWebKit/605.1.15 (KHTML, like Gecko) Version/14.0.3 Safari/605.1.15","text/html,application/xhtml+xml,application/xml;q=0.9,*/*;q=0.8","gzip, deflate, br","en;q=0.7","keep-alive","43.172.197.238","127.0.0.1:8000"
"Mozilla/5.0 (iPad; CPU OS 13_2_3 like Mac OS X) AppleWebKit/605.1.15 (KHTML, like Gecko) Version/13.0.3 Mobile/15E148 Safari/604.1","application/json, text/plain, */*","gzip, deflate, br","de-DE,de;q=0.9,en-US;q=0.8,en;q=0.7","keep-alive","70.151.209.237","127.0.0.1:8000"
"Mozilla/5.0 (Linux; Android 10; SM-A505FN) AppleWebKit/537.36 (KHTML, like Gecko) Chrome/88.0.4324.152 Mobile Safari/537.36","application/json, text/plain, */*","br","de-DE,de;q=0.9,en-US;q=0.8,en;q=0.7","keep-alive","190.211.63.140","127.0.0.1:8000"
"Mozilla/5.0 (Windows NT 6.1; WOW64; Trident/7.0; rv:11.0) like Gecko","application/json, text/plain, */*","gzip, deflate, br","en;q=0.7","close","57.176.188.224","127.0.0.1:8000"
"Mozilla/5.0 (iPhone; CPU iPhone OS 13_2_3 like Mac OS X) AppleWebKit/605.1.15 (KHTML, like Gecko) Version/13.0.3 Mobile/15E148 Safari/604.1","text/html,application/xhtml+xml,application/xml;q=0.9,image/webp,*/*;q=0.8","gzip, deflate, br","de-DE,de;q=0.9,en-US;q=0.8,en;q=0.7","close","102.41.12.237","127.0.0.1:8000"
"Mozilla/5.0 (Macintosh; Intel Mac OS X 10_15_7) AppleWebKit/605.1.15 (KHTML, like Gecko) Version/14.0.3 Safari/605.1.15","application/json, text/plain, */*","deflate","de-DE,de;q=0.9,en-US;q=0.8,en;q=0.7","keep-alive","173.174.203.128","127.0.0.1:8000"
"Mozilla/5.0 (X11; Linux x86_64) AppleWebKit/537.36 (KHTML, like Gecko) Chrome/88.0.4324.96 Safari/537.36","text/html,application/xhtml+xml,application/xml;q=0.9,image/webp,*/*;q=0.8","gzip, deflate, br","de-DE,de;q=0.9,en-US;q=0.8,en;q=0.7","keep-alive","13.231.135.7","127.0.0.1:8000"
"Mozilla/5.0 (Windows NT 6.1; WOW64; Trident/7.0; rv:11.0) like Gecko","text/html,application/xhtml+xml,application/xml;q=0.9,image/avif,image/webp,image/apng,*/*;q=0.8","gzip, deflate","en-GB,en;q=0.8","keep-alive","153.183.109.184","127.0.0.1:8000"
"Mozilla/5.0 (Windows NT 6.1; WOW64; Trident/7.0; rv:11.0) like Gecko","text/html,application/xhtml+xml,application/xml;q=0.9,image/avif,image/webp,image/apng,*/*;q=0.8","gzip, deflate","en-GB,en;q=0.8","close","9.90.54.208","127.0.0.1:8000"
"Mozilla/5.0 (iPad; CPU OS 13_2_3 like Mac OS X) AppleWebKit/605.1.15 (KHTML, like Gecko) Version/13.0.3 Mobile/15E148 Safari/604.1","text/html,application/xhtml+xml,application/xml;q=0.9,*/*;q=0.8","gzip, deflate","en-GB,en;q=0.8","keep-alive","53.118.16.122","127.0.0.1:8000"
"Mozilla/5.0 (X11; Linux x86_64) AppleWebKit/537.36 (KHTML, like Gecko) Chrome/88.0.4324.96 Safari/537.36","text/html,application/xhtml+xml,application/xml;q=0.9,*/*;q=0.8","br","en-GB,en;q=0.8","close","223.172.205.178","127.0.0.1:8000"
"Mozilla/5.0 (Windows NT 10.0; Win64; x64) AppleWebKit/537.36 (KHTML, like Gecko) Chrome/58.0.3029.110 Safari/537.3","text/html,application/xhtml+xml,application/xml;q=0.9,image/avif,image/webp,image/apng,*/*;q=0.8","gzip, deflate","en-GB,en;q=0.8","keep-alive","140.220.88.18","127.0.0.1:8000"
"Mozilla/5.0 (X11; Linux x86_64) AppleWebKit/537.36 (KHTML, like Gecko) Chrome/88.0.4324.96 Safari/537.36","text/html,application/xhtml+xml,application/xml;q=0.9,image/webp,*/*;q=0.8","gzip, deflate, br","de-DE,de;q=0.9,en-US;q=0.8,en;q=0.7","keep-alive","57.91.100.92","127.0.0.1:8000"
"Mozilla/5.0 (iPhone; CPU iPhone OS 13_2_3 like Mac OS X) AppleWebKit/605.1.15 (KHTML, like Gecko) Version/13.0.3 Mobile/15E148 Safari/604.1","text/html,application/xhtml+xml,application/xml;q=0.9,image/avif,image/webp,image/apng,*/*;q=0.8","gzip, deflate","en-US,en;q=0.9","close","88.141.197.42","127.0.0.1:8000"
"Mozilla/5.0 (Windows NT 10.0; Win64; x64) AppleWebKit/537.36 (KHTML, like Gecko) Chrome/58.0.3029.110 Safari/537.3","text/html,application/xhtml+xml,application/xml;q=0.9,*/*;q=0.8","gzip, deflate, br","de-DE,de;q=0.9,en-US;q=0.8,en;q=0.7","close","181.127.236.174","127.0.0.1:8000"
"Mozilla/5.0 (X11; Linux x86_64) AppleWebKit/537.36 (KHTML, like Gecko) Chrome/88.0.4324.96 Safari/537.36","text/html,application/xhtml+xml,application/xml;q=0.9,image/avif,image/webp,image/apng,*/*;q=0.8","deflate","en;q=0.7","keep-alive","128.241.234.39","127.0.0.1:8000"
"Mozilla/5.0 (Macintosh; Intel Mac OS X 10_15_7) AppleWebKit/605.1.15 (KHTML, like Gecko) Version/14.0.3 Safari/605.1.15","text/html,application/xhtml+xml,application/xml;q=0.9,image/avif,image/webp,image/apng,*/*;q=0.8","br","de-DE,de;q=0.9,en-US;q=0.8,en;q=0.7","close","41.95.60.131","127.0.0.1:8000"
"Mozilla/5.0 (X11; Linux x86_64) AppleWebKit/537.36 (KHTML, like Gecko) Chrome/88.0.4324.96 Safari/537.36","text/html,application/xhtml+xml,application/xml;q=0.9,image/webp,*/*;q=0.8","gzip, deflate, br","en;q=0.7","keep-alive","176.210.76.166","127.0.0.1:8000"
"Mozilla/5.0 (Linux; Android 10; SM-A505FN) AppleWebKit/537.36 (KHTML, like Gecko) Chrome/88.0.4324.152 Mobile Safari/537.36","application/json, text/plain, */*","br","en-GB,en;q=0.8","close","62.0.124.101","127.0.0.1:8000"
"Mozilla/5.0 (iPad; CPU OS 13_2_3 like Mac OS X) AppleWebKit/605.1.15 (KHTML, like Gecko) Version/13.0.3 Mobile/15E148 Safari/604.1","text/html,application/xhtml+xml,application/xml;q=0.9,image/avif,image/webp,image/apng,*/*;q=0.8","deflate","en-GB,en;q=0.8","keep-alive","132.207.210.178","127.0.0.1:8000"